Chromosome	4513	G	A	A|missense_variant|MODERATE|ENSB:k7gHUPjOL_624qS|ENSB:k7gHUPjOL_624qS|transcript|ENSB:k7gHUPjOL_624qS|protein_coding|1/1|c.79G>A|p.Val27Ile|79/570|79/570|27/189||WARNING_TRANSCRIPT_NO_START_CODON,A|upstream_gene_variant|MODIFIER|gyrB|ENSB:Te0WIjvr1RInf3T|transcript|ENSB:Te0WIjvr1RInf3T|protein_coding||c.-659G>A|||||659|WARNING_TRANSCRIPT_NO_START_CODON,A|upstream_gene_variant|MODIFIER|gyrA|ENSB:lCiZvqjey9gU63X|transcript|ENSB:lCiZvqjey9gU63X|protein_coding||c.-2805G>A|||||2805|,A|downstream_gene_variant|MODIFIER|dnaA|ENSB:LvZ7kHVL6CZsrS8|transcript|ENSB:LvZ7kHVL6CZsrS8|protein_coding||c.*2947G>A|||||2947|,A|downstream_gene_variant|MODIFIER|dnaN|ENSB:GpZgwVxRp2CXRQ-|transcript|ENSB:GpZgwVxRp2CXRQ-|protein_coding||c.*1233G>A|||||1233|,A|downstream_gene_variant|MODIFIER|recF|ENSB:xq7nZfFHTyt-_Rs|transcript|ENSB:xq7nZfFHTyt-_Rs|protein_coding||c.*75G>A|||||75|WARNING_TRANSCRIPT_NO_START_CODON
Chromosome	5066	G	T	T|upstream_gene_variant|MODIFIER|gyrB|ENSB:Te0WIjvr1RInf3T|transcript|ENSB:Te0WIjvr1RInf3T|protein_coding||c.-106G>T|||||106|WARNING_TRANSCRIPT_NO_START_CODON,T|upstream_gene_variant|MODIFIER|gyrA|ENSB:lCiZvqjey9gU63X|transcript|ENSB:lCiZvqjey9gU63X|protein_coding||c.-2252G>T|||||2252|,T|downstream_gene_variant|MODIFIER|dnaA|ENSB:LvZ7kHVL6CZsrS8|transcript|ENSB:LvZ7kHVL6CZsrS8|protein_coding||c.*3500G>T|||||3500|,T|downstream_gene_variant|MODIFIER|dnaN|ENSB:GpZgwVxRp2CXRQ-|transcript|ENSB:GpZgwVxRp2CXRQ-|protein_coding||c.*1786G>T|||||1786|,T|downstream_gene_variant|MODIFIER|recF|ENSB:xq7nZfFHTyt-_Rs|transcript|ENSB:xq7nZfFHTyt-_Rs|protein_coding||c.*628G>T|||||628|WARNING_TRANSCRIPT_NO_START_CODON,T|downstream_gene_variant|MODIFIER|ENSB:k7gHUPjOL_624qS|ENSB:k7gHUPjOL_624qS|transcript|ENSB:k7gHUPjOL_624qS|protein_coding||c.*62G>T|||||62|WARNING_TRANSCRIPT_NO_START_CODON,T|intergenic_region|MODIFIER|ENSB:k7gHUPjOL_624qS-gyrB|ENSB:k7gHUPjOL_624qS-ENSB:Te0WIjvr1RInf3T|intergenic_region|ENSB:k7gHUPjOL_624qS-ENSB:Te0WIjvr1RInf3T|||n.5066G>T||||||
Chromosome	8402	G	A	A|missense_variant|MODERATE|gyrA|ENSB:lCiZvqjey9gU63X|transcript|ENSB:lCiZvqjey9gU63X|protein_coding|1/1|c.1085G>A|p.Gly362Glu|1085/3750|1085/3750|362/1249||,A|upstream_gene_variant|MODIFIER|ENSB:74o2MP5DT0KdgC2|ENSB:74o2MP5DT0KdgC2|transcript|ENSB:74o2MP5DT0KdgC2|protein_coding||c.-2793G>A|||||2793|WARNING_TRANSCRIPT_NO_START_CODON,A|upstream_gene_variant|MODIFIER|ENSB:wsWa3jeY-QKbCQp|ENSB:wsWa3jeY-QKbCQp|transcript|ENSB:wsWa3jeY-QKbCQp|lincRNA||n.-3794G>A|||||3794|,A|upstream_gene_variant|MODIFIER|ENSB:_AGrZLCza5i1suO|ENSB:_AGrZLCza5i1suO|transcript|ENSB:_AGrZLCza5i1suO|lincRNA||n.-4004G>A|||||4004|,A|downstream_gene_variant|MODIFIER|recF|ENSB:xq7nZfFHTyt-_Rs|transcript|ENSB:xq7nZfFHTyt-_Rs|protein_coding||c.*3964G>A|||||3964|WARNING_TRANSCRIPT_NO_START_CODON,A|downstream_gene_variant|MODIFIER|ENSB:k7gHUPjOL_624qS|ENSB:k7gHUPjOL_624qS|transcript|ENSB:k7gHUPjOL_624qS|protein_coding||c.*3398G>A|||||3398|WARNING_TRANSCRIPT_NO_START_CODON,A|downstream_gene_variant|MODIFIER|gyrB|ENSB:Te0WIjvr1RInf3T|transcript|ENSB:Te0WIjvr1RInf3T|protein_coding||c.*1137G>A|||||1137|WARNING_TRANSCRIPT_NO_START_CODON
Chromosome	8453	T	C	C|missense_variant|MODERATE|gyrA|ENSB:lCiZvqjey9gU63X|transcript|ENSB:lCiZvqjey9gU63X|protein_coding|1/1|c.1136T>C|p.Leu379Pro|1136/3750|1136/3750|379/1249||,C|upstream_gene_variant|MODIFIER|ENSB:74o2MP5DT0KdgC2|ENSB:74o2MP5DT0KdgC2|transcript|ENSB:74o2MP5DT0KdgC2|protein_coding||c.-2742T>C|||||2742|WARNING_TRANSCRIPT_NO_START_CODON,C|upstream_gene_variant|MODIFIER|ENSB:wsWa3jeY-QKbCQp|ENSB:wsWa3jeY-QKbCQp|transcript|ENSB:wsWa3jeY-QKbCQp|lincRNA||n.-3743T>C|||||3743|,C|upstream_gene_variant|MODIFIER|ENSB:_AGrZLCza5i1suO|ENSB:_AGrZLCza5i1suO|transcript|ENSB:_AGrZLCza5i1suO|lincRNA||n.-3953T>C|||||3953|,C|downstream_gene_variant|MODIFIER|recF|ENSB:xq7nZfFHTyt-_Rs|transcript|ENSB:xq7nZfFHTyt-_Rs|protein_coding||c.*4015T>C|||||4015|WARNING_TRANSCRIPT_NO_START_CODON,C|downstream_gene_variant|MODIFIER|ENSB:k7gHUPjOL_624qS|ENSB:k7gHUPjOL_624qS|transcript|ENSB:k7gHUPjOL_624qS|protein_coding||c.*3449T>C|||||3449|WARNING_TRANSCRIPT_NO_START_CODON,C|downstream_gene_variant|MODIFIER|gyrB|ENSB:Te0WIjvr1RInf3T|transcript|ENSB:Te0WIjvr1RInf3T|protein_coding||c.*1188T>C|||||1188|WARNING_TRANSCRIPT_NO_START_CODON
Chromosome	9869	T	C	C|missense_variant|MODERATE|gyrA|ENSB:lCiZvqjey9gU63X|transcript|ENSB:lCiZvqjey9gU63X|protein_coding|1/1|c.2552T>C|p.Ile851Thr|2552/3750|2552/3750|851/1249||,C|upstream_gene_variant|MODIFIER|ENSB:74o2MP5DT0KdgC2|ENSB:74o2MP5DT0KdgC2|transcript|ENSB:74o2MP5DT0KdgC2|protein_coding||c.-1326T>C|||||1326|WARNING_TRANSCRIPT_NO_START_CODON,C|upstream_gene_variant|MODIFIER|ENSB:wsWa3jeY-QKbCQp|ENSB:wsWa3jeY-QKbCQp|transcript|ENSB:wsWa3jeY-QKbCQp|lincRNA||n.-2327T>C|||||2327|,C|upstream_gene_variant|MODIFIER|ENSB:_AGrZLCza5i1suO|ENSB:_AGrZLCza5i1suO|transcript|ENSB:_AGrZLCza5i1suO|lincRNA||n.-2537T>C|||||2537|,C|upstream_gene_variant|MODIFIER|ENSB:iEnIZGc8-gGitaX|ENSB:iEnIZGc8-gGitaX|transcript|ENSB:iEnIZGc8-gGitaX|protein_coding||c.-3906T>C|||||3906|,C|downstream_gene_variant|MODIFIER|ENSB:k7gHUPjOL_624qS|ENSB:k7gHUPjOL_624qS|transcript|ENSB:k7gHUPjOL_624qS|protein_coding||c.*4865T>C|||||4865|WARNING_TRANSCRIPT_NO_START_CODON,C|downstream_gene_variant|MODIFIER|gyrB|ENSB:Te0WIjvr1RInf3T|transcript|ENSB:Te0WIjvr1RInf3T|protein_coding||c.*2604T>C|||||2604|WARNING_TRANSCRIPT_NO_START_CODON
Chromosome	12484	A	AACCACAGCTAGAC	AACCACAGCTAGAC|upstream_gene_variant|MODIFIER|ENSB:iEnIZGc8-gGitaX|ENSB:iEnIZGc8-gGitaX|transcript|ENSB:iEnIZGc8-gGitaX|protein_coding||c.-1291_-1290insACCACAGCTAGAC|||||1290|,AACCACAGCTAGAC|upstream_gene_variant|MODIFIER|ppiA|ENSB:rcEMTIOON5iSs95|transcript|ENSB:rcEMTIOON5iSs95|protein_coding||c.-3509_-3508insACCACAGCTAGAC|||||3508|,AACCACAGCTAGAC|downstream_gene_variant|MODIFIER|gyrA|ENSB:lCiZvqjey9gU63X|transcript|ENSB:lCiZvqjey9gU63X|protein_coding||c.*1417_*1418insACCACAGCTAGAC|||||1418|,AACCACAGCTAGAC|downstream_gene_variant|MODIFIER|ENSB:74o2MP5DT0KdgC2|ENSB:74o2MP5DT0KdgC2|transcript|ENSB:74o2MP5DT0KdgC2|protein_coding||c.*378_*379insACCACAGCTAGAC|||||379|WARNING_TRANSCRIPT_NO_START_CODON,AACCACAGCTAGAC|downstream_gene_variant|MODIFIER|ENSB:wsWa3jeY-QKbCQp|ENSB:wsWa3jeY-QKbCQp|transcript|ENSB:wsWa3jeY-QKbCQp|lincRNA||n.*218_*219insACCACAGCTAGAC|||||219|,AACCACAGCTAGAC|downstream_gene_variant|MODIFIER|ENSB:_AGrZLCza5i1suO|ENSB:_AGrZLCza5i1suO|transcript|ENSB:_AGrZLCza5i1suO|lincRNA||n.*9_*10insACCACAGCTAGAC|||||10|,AACCACAGCTAGAC|downstream_gene_variant|MODIFIER|ENSB:Iti8eSEa878gJmk|ENSB:Iti8eSEa878gJmk|transcript|ENSB:Iti8eSEa878gJmk|protein_coding||c.*4081_*4082insGTCTAGCTGTGGT|||||4081|,AACCACAGCTAGAC|downstream_gene_variant|MODIFIER|crgA|ENSB:bk_XME57uaf2dvd|transcript|ENSB:bk_XME57uaf2dvd|protein_coding||c.*4649_*4650insGTCTAGCTGTGGT|||||4649|,AACCACAGCTAGAC|intergenic_region|MODIFIER|ENSB:_AGrZLCza5i1suO-ENSB:iEnIZGc8-gGitaX|ENSB:_AGrZLCza5i1suO-ENSB:iEnIZGc8-gGitaX|intergenic_region|ENSB:_AGrZLCza5i1suO-ENSB:iEnIZGc8-gGitaX|||n.12484_12485insACCACAGCTAGAC||||||
Chromosome	12975	A	G	G|upstream_gene_variant|MODIFIER|ENSB:iEnIZGc8-gGitaX|ENSB:iEnIZGc8-gGitaX|transcript|ENSB:iEnIZGc8-gGitaX|protein_coding||c.-800A>G|||||800|,G|upstream_gene_variant|MODIFIER|ppiA|ENSB:rcEMTIOON5iSs95|transcript|ENSB:rcEMTIOON5iSs95|protein_coding||c.-3018A>G|||||3018|,G|upstream_gene_variant|MODIFIER|ENSB:O_3anmA0VuY9YE4|ENSB:O_3anmA0VuY9YE4|transcript|ENSB:O_3anmA0VuY9YE4|protein_coding||c.-4547A>G|||||4547|,G|upstream_gene_variant|MODIFIER|ENSB:BawVqviqZ-eOB40|ENSB:BawVqviqZ-eOB40|transcript|ENSB:BawVqviqZ-eOB40|protein_coding||c.-4783A>G|||||4783|,G|downstream_gene_variant|MODIFIER|gyrA|ENSB:lCiZvqjey9gU63X|transcript|ENSB:lCiZvqjey9gU63X|protein_coding||c.*1908A>G|||||1908|,G|downstream_gene_variant|MODIFIER|ENSB:74o2MP5DT0KdgC2|ENSB:74o2MP5DT0KdgC2|transcript|ENSB:74o2MP5DT0KdgC2|protein_coding||c.*869A>G|||||869|WARNING_TRANSCRIPT_NO_START_CODON,G|downstream_gene_variant|MODIFIER|ENSB:wsWa3jeY-QKbCQp|ENSB:wsWa3jeY-QKbCQp|transcript|ENSB:wsWa3jeY-QKbCQp|lincRNA||n.*709A>G|||||709|,G|downstream_gene_variant|MODIFIER|ENSB:_AGrZLCza5i1suO|ENSB:_AGrZLCza5i1suO|transcript|ENSB:_AGrZLCza5i1suO|lincRNA||n.*500A>G|||||500|,G|downstream_gene_variant|MODIFIER|ENSB:Iti8eSEa878gJmk|ENSB:Iti8eSEa878gJmk|transcript|ENSB:Iti8eSEa878gJmk|protein_coding||c.*3591T>C|||||3591|,G|downstream_gene_variant|MODIFIER|crgA|ENSB:bk_XME57uaf2dvd|transcript|ENSB:bk_XME57uaf2dvd|protein_coding||c.*4159T>C|||||4159|,G|intergenic_region|MODIFIER|ENSB:_AGrZLCza5i1suO-ENSB:iEnIZGc8-gGitaX|ENSB:_AGrZLCza5i1suO-ENSB:iEnIZGc8-gGitaX|intergenic_region|ENSB:_AGrZLCza5i1suO-ENSB:iEnIZGc8-gGitaX|||n.12975A>G||||||
Chromosome	15439	G	A	A|upstream_gene_variant|MODIFIER|ppiA|ENSB:rcEMTIOON5iSs95|transcript|ENSB:rcEMTIOON5iSs95|protein_coding||c.-554G>A|||||554|,A|upstream_gene_variant|MODIFIER|ENSB:O_3anmA0VuY9YE4|ENSB:O_3anmA0VuY9YE4|transcript|ENSB:O_3anmA0VuY9YE4|protein_coding||c.-2083G>A|||||2083|,A|upstream_gene_variant|MODIFIER|ENSB:BawVqviqZ-eOB40|ENSB:BawVqviqZ-eOB40|transcript|ENSB:BawVqviqZ-eOB40|protein_coding||c.-2319G>A|||||2319|,A|upstream_gene_variant|MODIFIER|ENSB:9iTR8UMcNiRw7gH|ENSB:9iTR8UMcNiRw7gH|transcript|ENSB:9iTR8UMcNiRw7gH|protein_coding||c.-2614G>A|||||2614|,A|upstream_gene_variant|MODIFIER|trpG|ENSB:ytEHnqPzu8JPYx8|transcript|ENSB:ytEHnqPzu8JPYx8|protein_coding||c.-2886G>A|||||2886|,A|downstream_gene_variant|MODIFIER|gyrA|ENSB:lCiZvqjey9gU63X|transcript|ENSB:lCiZvqjey9gU63X|protein_coding||c.*4372G>A|||||4372|,A|downstream_gene_variant|MODIFIER|ENSB:74o2MP5DT0KdgC2|ENSB:74o2MP5DT0KdgC2|transcript|ENSB:74o2MP5DT0KdgC2|protein_coding||c.*3333G>A|||||3333|WARNING_TRANSCRIPT_NO_START_CODON,A|downstream_gene_variant|MODIFIER|ENSB:wsWa3jeY-QKbCQp|ENSB:wsWa3jeY-QKbCQp|transcript|ENSB:wsWa3jeY-QKbCQp|lincRNA||n.*3173G>A|||||3173|,A|downstream_gene_variant|MODIFIER|ENSB:_AGrZLCza5i1suO|ENSB:_AGrZLCza5i1suO|transcript|ENSB:_AGrZLCza5i1suO|lincRNA||n.*2964G>A|||||2964|,A|downstream_gene_variant|MODIFIER|ENSB:iEnIZGc8-gGitaX|ENSB:iEnIZGc8-gGitaX|transcript|ENSB:iEnIZGc8-gGitaX|protein_coding||c.*1473G>A|||||1473|,A|downstream_gene_variant|MODIFIER|ENSB:Iti8eSEa878gJmk|ENSB:Iti8eSEa878gJmk|transcript|ENSB:Iti8eSEa878gJmk|protein_coding||c.*1127C>T|||||1127|,A|downstream_gene_variant|MODIFIER|crgA|ENSB:bk_XME57uaf2dvd|transcript|ENSB:bk_XME57uaf2dvd|protein_coding||c.*1695C>T|||||1695|,A|downstream_gene_variant|MODIFIER|pknB|ENSB:B6DwVq8JUAInhKt|transcript|ENSB:B6DwVq8JUAInhKt|protein_coding||c.*3562C>T|||||3562|,A|intergenic_region|MODIFIER|ENSB:iEnIZGc8-gGitaX-ppiA|ENSB:iEnIZGc8-gGitaX-ENSB:rcEMTIOON5iSs95|intergenic_region|ENSB:iEnIZGc8-gGitaX-ENSB:rcEMTIOON5iSs95|||n.15439G>A||||||
Chromosome	298572	A	G	G|synonymous_variant|LOW|ENSB:qPJfWcE7YR1xgVN|ENSB:qPJfWcE7YR1xgVN|transcript|ENSB:qPJfWcE7YR1xgVN|protein_coding|1/1|c.57A>G|p.Val19Val|57/477|57/477|19/158||,G|upstream_gene_variant|MODIFIER|ENSB:-LgYLtYa8JmiDoK|ENSB:-LgYLtYa8JmiDoK|transcript|ENSB:-LgYLtYa8JmiDoK|protein_coding||c.-566A>G|||||566|,G|upstream_gene_variant|MODIFIER|ENSB:0Bxj03ATIMoGfmy|ENSB:0Bxj03ATIMoGfmy|transcript|ENSB:0Bxj03ATIMoGfmy|protein_coding||c.-1965A>G|||||1965|,G|upstream_gene_variant|MODIFIER|panC|ENSB:vmio562wpP2XIkq|transcript|ENSB:vmio562wpP2XIkq|protein_coding||c.-2891A>G|||||2891|,G|upstream_gene_variant|MODIFIER|panD|ENSB:SeGxWlLHqCAoSWZ|transcript|ENSB:SeGxWlLHqCAoSWZ|protein_coding||c.-3832A>G|||||3832|,G|upstream_gene_variant|MODIFIER|coaX|ENSB:mZx5YlalQ0PTUyA|transcript|ENSB:mZx5YlalQ0PTUyA|protein_coding||c.-4263A>G|||||4263|WARNING_TRANSCRIPT_NO_START_CODON,G|downstream_gene_variant|MODIFIER|ftsH|ENSB:MLXarzBR-Z-o0TA|transcript|ENSB:MLXarzBR-Z-o0TA|protein_coding||c.*2507A>G|||||2507|,G|downstream_gene_variant|MODIFIER|folE|ENSB:JSktO9Ml_PlsWv0|transcript|ENSB:JSktO9Ml_PlsWv0|protein_coding||c.*1873A>G|||||1873|,G|downstream_gene_variant|MODIFIER|folP1|ENSB:20nl3XX02633WNZ|transcript|ENSB:20nl3XX02633WNZ|protein_coding||c.*1022A>G|||||1022|WARNING_TRANSCRIPT_NO_START_CODON,G|downstream_gene_variant|MODIFIER|folB|ENSB:Zcv6lp5De6Ded_D|transcript|ENSB:Zcv6lp5De6Ded_D|protein_coding||c.*631A>G|||||631|,G|downstream_gene_variant|MODIFIER|folK|ENSB:DuRgt-AYMFn2OGm|transcript|ENSB:DuRgt-AYMFn2OGm|protein_coding||c.*56A>G|||||56|
Chromosome	2269376	G	A	A|missense_variant|MODERATE|rpoC|ENSB:rbWV1AoeK61YoRT|transcript|ENSB:rbWV1AoeK61YoRT|protein_coding|1/1|c.3845C>T|p.Ala1282Val|3845/3951|3845/3951|1282/1316||WARNING_TRANSCRIPT_NO_START_CODON,A|upstream_gene_variant|MODIFIER|ENSB:vIz9CvJufl3EMP1|ENSB:vIz9CvJufl3EMP1|transcript|ENSB:vIz9CvJufl3EMP1|protein_coding||c.-4646C>T|||||4646|,A|upstream_gene_variant|MODIFIER|ENSB:tLkfoizmhfz-Lxq|ENSB:tLkfoizmhfz-Lxq|transcript|ENSB:tLkfoizmhfz-Lxq|protein_coding||c.-4118C>T|||||4118|,A|upstream_gene_variant|MODIFIER|ENSB:MwM2_NZMFIBrPOB|ENSB:MwM2_NZMFIBrPOB|transcript|ENSB:MwM2_NZMFIBrPOB|protein_coding||c.-3189C>T|||||3189|,A|upstream_gene_variant|MODIFIER|ENSB:FHOzb2WY32jIBX-|ENSB:FHOzb2WY32jIBX-|transcript|ENSB:FHOzb2WY32jIBX-|protein_coding||c.-3034C>T|||||3034|WARNING_TRANSCRIPT_NO_START_CODON,A|upstream_gene_variant|MODIFIER|ENSB:GKgyFF_J75foZ4p|ENSB:GKgyFF_J75foZ4p|transcript|ENSB:GKgyFF_J75foZ4p|protein_coding||c.-2820C>T|||||2820|,A|upstream_gene_variant|MODIFIER|ENSB:5TXMpIzm--TtN3z|ENSB:5TXMpIzm--TtN3z|transcript|ENSB:5TXMpIzm--TtN3z|protein_coding||c.-2265C>T|||||2265|,A|upstream_gene_variant|MODIFIER|ENSB:jQcEMeADW2lG58a|ENSB:jQcEMeADW2lG58a|transcript|ENSB:jQcEMeADW2lG58a|protein_coding||c.-1959C>T|||||1959|,A|upstream_gene_variant|MODIFIER|ENSB:9-piRqEv75IDfA-|ENSB:9-piRqEv75IDfA-|transcript|ENSB:9-piRqEv75IDfA-|protein_coding||c.-1642C>T|||||1642|WARNING_TRANSCRIPT_NO_START_CODON,A|upstream_gene_variant|MODIFIER|ENSB:tYPBAqHxAb5nAoy|ENSB:tYPBAqHxAb5nAoy|transcript|ENSB:tYPBAqHxAb5nAoy|protein_coding||c.-1460C>T|||||1460|,A|upstream_gene_variant|MODIFIER|ENSB:32j0WtHAirY-j10|ENSB:32j0WtHAirY-j10|transcript|ENSB:32j0WtHAirY-j10|protein_coding||c.-1322C>T|||||1322|,A|upstream_gene_variant|MODIFIER|end|ENSB:PyqoAIaJdB8oftg|transcript|ENSB:PyqoAIaJdB8oftg|protein_coding||c.-431C>T|||||431|WARNING_TRANSCRIPT_NO_START_CODON,A|downstream_gene_variant|MODIFIER|ENSB:_d7F-mAoTwPOYgj|ENSB:_d7F-mAoTwPOYgj|transcript|ENSB:_d7F-mAoTwPOYgj|protein_coding||c.*3527G>A|||||3527|,A|downstream_gene_variant|MODIFIER|rpoB|ENSB:Yn59aqDy04ziDbQ|transcript|ENSB:Yn59aqDy04ziDbQ|protein_coding||c.*3893C>T|||||3893|WARNING_TRANSCRIPT_NO_START_CODON
Chromosome	2269401	G	A	A|missense_variant|MODERATE|rpoC|ENSB:rbWV1AoeK61YoRT|transcript|ENSB:rbWV1AoeK61YoRT|protein_coding|1/1|c.3820C>T|p.Pro1274Ser|3820/3951|3820/3951|1274/1316||WARNING_TRANSCRIPT_NO_START_CODON,A|upstream_gene_variant|MODIFIER|ENSB:vIz9CvJufl3EMP1|ENSB:vIz9CvJufl3EMP1|transcript|ENSB:vIz9CvJufl3EMP1|protein_coding||c.-4671C>T|||||4671|,A|upstream_gene_variant|MODIFIER|ENSB:tLkfoizmhfz-Lxq|ENSB:tLkfoizmhfz-Lxq|transcript|ENSB:tLkfoizmhfz-Lxq|protein_coding||c.-4143C>T|||||4143|,A|upstream_gene_variant|MODIFIER|ENSB:MwM2_NZMFIBrPOB|ENSB:MwM2_NZMFIBrPOB|transcript|ENSB:MwM2_NZMFIBrPOB|protein_coding||c.-3214C>T|||||3214|,A|upstream_gene_variant|MODIFIER|ENSB:FHOzb2WY32jIBX-|ENSB:FHOzb2WY32jIBX-|transcript|ENSB:FHOzb2WY32jIBX-|protein_coding||c.-3059C>T|||||3059|WARNING_TRANSCRIPT_NO_START_CODON,A|upstream_gene_variant|MODIFIER|ENSB:GKgyFF_J75foZ4p|ENSB:GKgyFF_J75foZ4p|transcript|ENSB:GKgyFF_J75foZ4p|protein_coding||c.-2845C>T|||||2845|,A|upstream_gene_variant|MODIFIER|ENSB:5TXMpIzm--TtN3z|ENSB:5TXMpIzm--TtN3z|transcript|ENSB:5TXMpIzm--TtN3z|protein_coding||c.-2290C>T|||||2290|,A|upstream_gene_variant|MODIFIER|ENSB:jQcEMeADW2lG58a|ENSB:jQcEMeADW2lG58a|transcript|ENSB:jQcEMeADW2lG58a|protein_coding||c.-1984C>T|||||1984|,A|upstream_gene_variant|MODIFIER|ENSB:9-piRqEv75IDfA-|ENSB:9-piRqEv75IDfA-|transcript|ENSB:9-piRqEv75IDfA-|protein_coding||c.-1667C>T|||||1667|WARNING_TRANSCRIPT_NO_START_CODON,A|upstream_gene_variant|MODIFIER|ENSB:tYPBAqHxAb5nAoy|ENSB:tYPBAqHxAb5nAoy|transcript|ENSB:tYPBAqHxAb5nAoy|protein_coding||c.-1485C>T|||||1485|,A|upstream_gene_variant|MODIFIER|ENSB:32j0WtHAirY-j10|ENSB:32j0WtHAirY-j10|transcript|ENSB:32j0WtHAirY-j10|protein_coding||c.-1347C>T|||||1347|,A|upstream_gene_variant|MODIFIER|end|ENSB:PyqoAIaJdB8oftg|transcript|ENSB:PyqoAIaJdB8oftg|protein_coding||c.-456C>T|||||456|WARNING_TRANSCRIPT_NO_START_CODON,A|downstream_gene_variant|MODIFIER|ENSB:_d7F-mAoTwPOYgj|ENSB:_d7F-mAoTwPOYgj|transcript|ENSB:_d7F-mAoTwPOYgj|protein_coding||c.*3552G>A|||||3552|,A|downstream_gene_variant|MODIFIER|rpoB|ENSB:Yn59aqDy04ziDbQ|transcript|ENSB:Yn59aqDy04ziDbQ|protein_coding||c.*3868C>T|||||3868|WARNING_TRANSCRIPT_NO_START_CODON
Chromosome	2269826	A	C	C|missense_variant|MODERATE|rpoC|ENSB:rbWV1AoeK61YoRT|transcript|ENSB:rbWV1AoeK61YoRT|protein_coding|1/1|c.3395T>G|p.Ile1132Ser|3395/3951|3395/3951|1132/1316||WARNING_TRANSCRIPT_NO_START_CODON,C|upstream_gene_variant|MODIFIER|ENSB:tLkfoizmhfz-Lxq|ENSB:tLkfoizmhfz-Lxq|transcript|ENSB:tLkfoizmhfz-Lxq|protein_coding||c.-4568T>G|||||4568|,C|upstream_gene_variant|MODIFIER|ENSB:MwM2_NZMFIBrPOB|ENSB:MwM2_NZMFIBrPOB|transcript|ENSB:MwM2_NZMFIBrPOB|protein_coding||c.-3639T>G|||||3639|,C|upstream_gene_variant|MODIFIER|ENSB:FHOzb2WY32jIBX-|ENSB:FHOzb2WY32jIBX-|transcript|ENSB:FHOzb2WY32jIBX-|protein_coding||c.-3484T>G|||||3484|WARNING_TRANSCRIPT_NO_START_CODON,C|upstream_gene_variant|MODIFIER|ENSB:GKgyFF_J75foZ4p|ENSB:GKgyFF_J75foZ4p|transcript|ENSB:GKgyFF_J75foZ4p|protein_coding||c.-3270T>G|||||3270|,C|upstream_gene_variant|MODIFIER|ENSB:5TXMpIzm--TtN3z|ENSB:5TXMpIzm--TtN3z|transcript|ENSB:5TXMpIzm--TtN3z|protein_coding||c.-2715T>G|||||2715|,C|upstream_gene_variant|MODIFIER|ENSB:jQcEMeADW2lG58a|ENSB:jQcEMeADW2lG58a|transcript|ENSB:jQcEMeADW2lG58a|protein_coding||c.-2409T>G|||||2409|,C|upstream_gene_variant|MODIFIER|ENSB:9-piRqEv75IDfA-|ENSB:9-piRqEv75IDfA-|transcript|ENSB:9-piRqEv75IDfA-|protein_coding||c.-2092T>G|||||2092|WARNING_TRANSCRIPT_NO_START_CODON,C|upstream_gene_variant|MODIFIER|ENSB:tYPBAqHxAb5nAoy|ENSB:tYPBAqHxAb5nAoy|transcript|ENSB:tYPBAqHxAb5nAoy|protein_coding||c.-1910T>G|||||1910|,C|upstream_gene_variant|MODIFIER|ENSB:32j0WtHAirY-j10|ENSB:32j0WtHAirY-j10|transcript|ENSB:32j0WtHAirY-j10|protein_coding||c.-1772T>G|||||1772|,C|upstream_gene_variant|MODIFIER|end|ENSB:PyqoAIaJdB8oftg|transcript|ENSB:PyqoAIaJdB8oftg|protein_coding||c.-881T>G|||||881|WARNING_TRANSCRIPT_NO_START_CODON,C|downstream_gene_variant|MODIFIER|ENSB:_d7F-mAoTwPOYgj|ENSB:_d7F-mAoTwPOYgj|transcript|ENSB:_d7F-mAoTwPOYgj|protein_coding||c.*3977A>C|||||3977|,C|downstream_gene_variant|MODIFIER|rpoB|ENSB:Yn59aqDy04ziDbQ|transcript|ENSB:Yn59aqDy04ziDbQ|protein_coding||c.*3443T>G|||||3443|WARNING_TRANSCRIPT_NO_START_CODON
Chromosome	2278551	C	A	A|missense_variant|MODERATE|ENSB:sZucZm9DW4Tx1FT|ENSB:sZucZm9DW4Tx1FT|transcript|ENSB:sZucZm9DW4Tx1FT|protein_coding|1/1|c.209G>T|p.Arg70Leu|209/222|209/222|70/73||WARNING_TRANSCRIPT_NO_START_CODON,A|upstream_gene_variant|MODIFIER|rpoB|ENSB:Yn59aqDy04ziDbQ|transcript|ENSB:Yn59aqDy04ziDbQ|protein_coding||c.-1746G>T|||||1746|WARNING_TRANSCRIPT_NO_START_CODON,A|upstream_gene_variant|MODIFIER|ENSB:0liHl6YEQ4jGmjO|ENSB:0liHl6YEQ4jGmjO|transcript|ENSB:0liHl6YEQ4jGmjO|protein_coding||c.-1242G>T|||||1242|,A|upstream_gene_variant|MODIFIER|mkl|ENSB:XqjDzvwerRtIGLk|transcript|ENSB:XqjDzvwerRtIGLk|protein_coding||c.-281G>T|||||281|,A|upstream_gene_variant|MODIFIER|ENSB:AA3YTLuwKkOq16g|ENSB:AA3YTLuwKkOq16g|transcript|ENSB:AA3YTLuwKkOq16g|protein_coding||c.-1310C>A|||||1310|,A|upstream_gene_variant|MODIFIER|ENSB:kR928mpNiqosgrb|ENSB:kR928mpNiqosgrb|transcript|ENSB:kR928mpNiqosgrb|protein_coding||c.-1680C>A|||||1680|,A|upstream_gene_variant|MODIFIER|ENSB:11XxiYf-2wOUfdd|ENSB:11XxiYf-2wOUfdd|transcript|ENSB:11XxiYf-2wOUfdd|protein_coding||c.-3520C>A|||||3520|,A|upstream_gene_variant|MODIFIER|ENSB:5J40vNS-K-cSiqs|ENSB:5J40vNS-K-cSiqs|transcript|ENSB:5J40vNS-K-cSiqs|protein_coding||c.-3737C>A|||||3737|,A|downstream_gene_variant|MODIFIER|rplL|ENSB:Ub_u6BM9Hy3hxKZ|transcript|ENSB:Ub_u6BM9Hy3hxKZ|protein_coding||c.*1884G>T|||||1884|,A|downstream_gene_variant|MODIFIER|rplJ|ENSB:9h1ZgM1j4ZYwNCc|transcript|ENSB:9h1ZgM1j4ZYwNCc|protein_coding||c.*2312G>T|||||2312|
Chromosome	2280019	T	A	A|synonymous_variant|LOW|ENSB:AA3YTLuwKkOq16g|ENSB:AA3YTLuwKkOq16g|transcript|ENSB:AA3YTLuwKkOq16g|protein_coding|1/1|c.159T>A|p.Arg53Arg|159/204|159/204|53/67||,A|upstream_gene_variant|MODIFIER|rpoB|ENSB:Yn59aqDy04ziDbQ|transcript|ENSB:Yn59aqDy04ziDbQ|protein_coding||c.-3214A>T|||||3214|WARNING_TRANSCRIPT_NO_START_CODON,A|upstream_gene_variant|MODIFIER|ENSB:0liHl6YEQ4jGmjO|ENSB:0liHl6YEQ4jGmjO|transcript|ENSB:0liHl6YEQ4jGmjO|protein_coding||c.-2710A>T|||||2710|,A|upstream_gene_variant|MODIFIER|mkl|ENSB:XqjDzvwerRtIGLk|transcript|ENSB:XqjDzvwerRtIGLk|protein_coding||c.-1749A>T|||||1749|,A|upstream_gene_variant|MODIFIER|ENSB:sZucZm9DW4Tx1FT|ENSB:sZucZm9DW4Tx1FT|transcript|ENSB:sZucZm9DW4Tx1FT|protein_coding||c.-1260A>T|||||1260|WARNING_TRANSCRIPT_NO_START_CODON,A|upstream_gene_variant|MODIFIER|ENSB:kR928mpNiqosgrb|ENSB:kR928mpNiqosgrb|transcript|ENSB:kR928mpNiqosgrb|protein_coding||c.-212T>A|||||212|,A|upstream_gene_variant|MODIFIER|ENSB:11XxiYf-2wOUfdd|ENSB:11XxiYf-2wOUfdd|transcript|ENSB:11XxiYf-2wOUfdd|protein_coding||c.-2052T>A|||||2052|,A|upstream_gene_variant|MODIFIER|ENSB:5J40vNS-K-cSiqs|ENSB:5J40vNS-K-cSiqs|transcript|ENSB:5J40vNS-K-cSiqs|protein_coding||c.-2269T>A|||||2269|,A|upstream_gene_variant|MODIFIER|rdmC|ENSB:qeZldWmyqBuQ8ST|transcript|ENSB:qeZldWmyqBuQ8ST|protein_coding||c.-3615T>A|||||3615|WARNING_TRANSCRIPT_NO_START_CODON,A|upstream_gene_variant|MODIFIER|mmaA1|ENSB:Z6yRcrigaKRtmi8|transcript|ENSB:Z6yRcrigaKRtmi8|protein_coding||c.-4587T>A|||||4587|,A|downstream_gene_variant|MODIFIER|rplL|ENSB:Ub_u6BM9Hy3hxKZ|transcript|ENSB:Ub_u6BM9Hy3hxKZ|protein_coding||c.*416A>T|||||416|,A|downstream_gene_variant|MODIFIER|rplJ|ENSB:9h1ZgM1j4ZYwNCc|transcript|ENSB:9h1ZgM1j4ZYwNCc|protein_coding||c.*844A>T|||||844|
